模型,特征,Spearman,Kendall Tau,Top5 Overlap
V1.1.2,118,0.5613031904891893,0.4281310316774406,0.6599999999999999
V2.1,118 (差值),0.6557894736842105,0.505263157894737,0.74
V2.2,14 (差值),0.6335338345864661,0.4873684210526316,0.74
